,Name,Simbad_ID,B_G,ΔB_G,Tag,Bdescription,Year,Month,Article,Limit,SpecType,V_mag,B-V,B_mag,vsini_kms,Bestim_G,Mass_Ms,Radius_Rs,Age_Gy,Teff_K,period_s,esti_rotation_s-1
4,*  15 Sge,*  15 Sge,1.496786163,,BLON,longitudinal magnetic field averaged over the stellar disk,,,Brown 2022,min,G,5.788000106811523,0.6019997596740723,6.389999866485596,8.270000457763672,1.322984557304366,,,,,,
8,*  23 Lib,*  23 Lib,0.625727,,BLON,longitudinal magnetic field averaged over the stellar disk,,,Brown 2022,min,G,6.460000038146973,0.7080001831054688,7.168000221252441,2.305000066757202,0.5530697560893935,1.1,1.25,9.7,5585.0,2372692.8939569285,4.21462045318602e-07
9,*  47 UMa,*  47 UMa,0.546178337,,BLON,longitudinal magnetic field averaged over the stellar disk,,,Brown 2022,min,G,,,5.659999847412109,3.1500000953674316,0.4827580072873642,1.06,,7.4,5882.0,,
13,*  83 Leo B,*  83 Leo B,6.078232,,BLON,longitudinal magnetic field averaged over the stellar disk,,,Brown 2022,min,K,7.53000020980835,1.0239996910095215,8.553999900817871,0.7400000095367432,5.372448831031338,0.83,0.96,4.0,4740.0,5675994.508263058,1.7618057919968202e-07
15,* 109 Psc,* 109 Psc,0.48156,,BLON,longitudinal magnetic field averaged over the stellar disk,,,Brown 2022,min,G,6.2789998054504395,0.7050004005432129,6.984000205993652,1.100000023841858,0.4256429269352422,0.99,1.84,6.9,5600.0,7318592.854679742,1.366382882415119e-07
19,* 14 Her,*  14 Her,0.789768,,BLON,longitudinal magnetic field averaged over the stellar disk,,,Brown 2022,min,K,,,7.570000171661377,2.5,0.6980628854551716,,,5.1,,,
21,* 16 Cyg B,*  16 Cyg B,0.438765,,BLON,longitudinal magnetic field averaged over the stellar disk,,,Brown 2022,min,G,6.199999809265137,0.6600003242492676,6.860000133514404,2.200000047683716,0.3878171335591444,0.98,1.16,8.0,5711.97,2306947.7476707883,4.3347319028341707e-07
24,* 24 LMi,*  24 LMi,3.732943,,BLON,longitudinal magnetic field averaged over the stellar disk,,,Brown 2022,min,G,6.465000152587891,0.6359996795654297,7.10099983215332,5.0,3.299486636353568,1.25,1.54,1.9,5861.0,1347575.7135369906,7.42073332098939e-07
29,* 51 Peg,*  51 Peg,1.139442265,,BLON,longitudinal magnetic field averaged over the stellar disk,,,Brown 2022,min,G,5.460000038146973,0.6999998092651367,6.159999847412109,4.989999771118164,1.0071341904400737,1.04,,4.0,,,
30,* 54 Psc,*  54 Psc,2.079065095,,BLON,longitudinal magnetic field averaged over the stellar disk,,,Brown 2022,min,K,5.880000114440918,0.8299999237060547,6.710000038146973,1.399999976158142,1.837651284003442,0.9,0.87,5.13,5274.92,2718902.8078452684,3.677954199445991e-07
34,* 61 Vir,*  61 Vir,0.875942936,,BLON,longitudinal magnetic field averaged over the stellar disk,,,Brown 2022,min,G,4.739999771118164,0.7000002861022949,5.440000057220459,3.9000000953674316,0.7742314874725673,0.91,1.03,8.96,5585.57,1155513.6122227805,8.654160274896028e-07
37,* 94 Cet,*  94 Cet,1.039105,,BLON,longitudinal magnetic field averaged over the stellar disk,,,Brown 2022,min,F,5.070000171661377,0.560999870300293,5.63100004196167,7.699999809265137,0.9184477398310592,1.36,,,6188.0,,
60,* omi02 Eri,* omi02 Eri,1.138287537,,BLON,longitudinal magnetic field averaged over the stellar disk,,,Brown 2022,min,K,4.429999828338623,0.820000171661377,5.25,0.36899998784065247,1.0061135454410417,0.78,0.87,6.9,5072.0,10315620.573417064,9.694036271331648e-08
69,* tau Cet,* tau Cet,0.731620674,,BLON,longitudinal magnetic field averaged over the stellar disk,,,Brown 2022,min,G,3.5,0.7199997901916504,4.21999979019165,1.600000023841858,0.6466674248020905,0.78,,5.8,,,
73,* ups And,* ups And,0.757156,,BLON,longitudinal magnetic field averaged over the stellar disk,,,Brown 2022,min,F,4.099999904632568,0.5399999618530273,4.639999866485596,10.729999542236328,0.669237677520102,1.2,,3.8,6200.0,,
80,BD+10  1799,BD+10  1799,2.222182911,,BLON,longitudinal magnetic field averaged over the stellar disk,,,Brown 2022,min,F,8.920000076293945,0.5,9.420000076293945,5.699999809265137,1.9641507567562029,1.17,1.34,,6226.0,1028566.5963568514,9.722267897304527e-07
86,BD+22  2716,BD+22  2716,3.572601,,BLON,longitudinal magnetic field averaged over the stellar disk,,,Brown 2022,min,F,9.744999885559082,0.44900035858154297,10.194000244140625,3.5,3.157762991967301,,1.33,0.75,6458.0,1662593.412805378,6.014699639117716e-07
92,BD+31 2290,BD+31  2290,3.731153,,BLON,longitudinal magnetic field averaged over the stellar disk,,,Brown 2022,min,K,,,10.09000015258789,,3.2979044849306627,0.73,0.68,7.87,4640.0,,
97,BD+47  2846,BD+47  2846,6.192142,,BLON,longitudinal magnetic field averaged over the stellar disk,,,Brown 2022,min,F,10.479999542236328,0.49000072479248047,10.970000267028809,5.099999904632568,5.4731319978375375,1.35,1.99,2.07,6532.23,1707203.7942988267,5.85753149881391e-07
98,BD+47 612,BD+47   612,3.876229,,BLON,longitudinal magnetic field averaged over the stellar disk,,,Brown 2022,min,M,,,10.850000381469727,2.0,3.4261347641649373,0.6,,,3785.0,,
99,BD+61 195,BD+61   195,12.74290912,,BLON,longitudinal magnetic field averaged over the stellar disk,,,Brown 2022,min,M,,,11.439000129699707,8.0,11.263246813494876,0.52,0.51,,3805.0,278921.92122721806,3.5852327260623246e-06
103,BD-05  3504,BD-05  3504,5.634904885,,BLON,longitudinal magnetic field averaged over the stellar disk,,,Brown 2022,min,G,10.979999542236328,1.0700006484985352,12.050000190734863,2.4600000381469727,4.980599319405878,,0.79,5.4,5315.0,1405058.5962224333,7.117140898525851e-07
107,BD-08  2823,BD-08  2823,1.814719,,BLON,longitudinal magnetic field averaged over the stellar disk,,,Brown 2022,min,K,9.87399959564209,1.065999984741211,10.9399995803833,,1.6040001385600875,0.5,0.71,4.5,4816.0,,
120,CD-35 10525,V* GQ Lup,212.5209427,,BLON,longitudinal magnetic field averaged over the stellar disk,,,Brown 2022,min,K,11.65999984741211,1.1000003814697266,12.760000228881836,6.340000152587891,187.84374965915964,,1.94,0.001,4360.0,1338797.5855945542,7.469389030574808e-07
124,CoRoT-7,CoRoT-7,16.559366,,BLON,longitudinal magnetic field averaged over the stellar disk,,,Brown 2022,min,K,11.729999542236328,1.0500001907348633,12.779999732971191,7.0,14.636549988437444,0.82,0.83,1.5,5275.0,518779.14760468557,1.92760253494616e-06
125,EM* LkCa   15,EM* LkCa   15,52.23610838,,BLON,longitudinal magnetic field averaged over the stellar disk,,,Brown 2022,min,K,12.029999732971191,0.9800004959106445,13.010000228881836,16.6200008392334,46.17063307286679,,1.61,0.002,4194.0,423835.46447714325,2.3594061465187474e-06
137,HD   2638,HD   2638,3.659115,,BLON,longitudinal magnetic field averaged over the stellar disk,,,Brown 2022,min,K,9.380000114440918,0.9499998092651367,10.329999923706055,0.6710000038146973,3.234231287051767,0.92,,3.0,,,
138,HD   3167,HD   3167,1.597486,,BLON,longitudinal magnetic field averaged over the stellar disk,,,Brown 2022,min,K,,,,0.0,1.4119914793132162,0.84,0.88,5.0,5261.0,,0.0
139,HD   7449,HD   7449,2.077533816,,BLON,longitudinal magnetic field averaged over the stellar disk,,,Brown 2022,min,F,7.480000019073486,0.5999999046325684,8.079999923706055,3.0829999446868896,1.836297811797456,1.05,,2.1,6024.0,,
141,HD   9446,HD   9446,2.198371131,,BLON,longitudinal magnetic field averaged over the stellar disk,,,Brown 2022,min,G,,,9.029999732971191,,1.9431039178685496,1.0,1.0,,5793.0,,
144,HD  13908,HD  13908,0.954474,,BLON,longitudinal magnetic field averaged over the stellar disk,,,Brown 2022,min,F,7.510000228881836,0.5299997329711914,8.039999961853027,,0.8436437973328109,1.29,1.67,2.9,6255.0,,
157,HD  34445,HD  34445,1.738987,,BLON,longitudinal magnetic field averaged over the stellar disk,,,Brown 2022,min,G,7.329999923706055,0.6399998664855957,7.96999979019165,,1.5370618751190634,1.14,1.38,8.5,5879.0,,
160,HD  37605,HD  37605,1.586204,,BLON,longitudinal magnetic field averaged over the stellar disk,,,Brown 2022,min,K,,,9.520000457763672,4.5,1.402019505931533,0.68,0.95,7.0,5340.0,923663.0071140989,1.082645935041189e-06
163,HD  49674,HD  49674,1.189453,,BLON,longitudinal magnetic field averaged over the stellar disk,,,Brown 2022,min,G,8.100000381469727,0.7299995422363281,8.829999923706055,4.699999809265137,1.0513378527533532,0.99,1.04,2.38,5583.0,968139.5405865728,1.0329089538003206e-06
164,HD  72659,HD  72659,3.622919712,,BLON,longitudinal magnetic field averaged over the stellar disk,,,Brown 2022,min,G,7.46999979019165,0.6100001335144043,8.079999923706055,-0.2800000011920929,3.202238870062017,1.09,1.45,6.5,5943.3,,-4.4135451332879706e-08
167,HD  79498,HD  79498,1.580879,,BLON,longitudinal magnetic field averaged over the stellar disk,,,Brown 2022,min,G,,,,,1.3973128264192598,1.08,1.05,2.7,5748.0,,
170,HD  89307,HD  89307,2.034171,,BLON,longitudinal magnetic field averaged over the stellar disk,,,Brown 2022,min,G,,,7.590000152587891,0.6899999976158142,1.7979701352412758,1.05,1.01,6.76,5906.0,6404345.3574969815,1.5614398415122812e-07
172,HD  92788,HD  92788,1.251542,,BLON,longitudinal magnetic field averaged over the stellar disk,,,Brown 2022,min,G,7.300000190734863,0.7100000381469727,8.010000228881836,2.013000011444092,1.1062172939247177,1.03,,2.55,5744.0,,
173,HD  97658,HD  97658,1.539897081,,BLON,longitudinal magnetic field averaged over the stellar disk,,,Brown 2022,min,K,7.714000225067139,0.8550000190734863,8.569000244140625,1.2999999523162842,1.3610895853805876,0.86,0.77,,5120.0,2591491.85185726,3.8587811853752273e-07
176,HD 102195,HD 102195,3.182014939,,BLON,longitudinal magnetic field averaged over the stellar disk,,,Brown 2022,min,K,,,,0.0,2.812530426504748,0.76,0.82,2.4,5301.0,,0.0
178,HD 107148,HD 107148,0.931055752,,BLON,longitudinal magnetic field averaged over the stellar disk,,,Brown 2022,min,G,8.020000457763672,0.6999998092651367,8.720000267028809,1.5399999618530273,0.8229447948774254,1.11,1.17,5.6,5752.92,3324050.480463479,3.00837789882351e-07
180,HD 109271,HD 109271,6.151307,,BLON,longitudinal magnetic field averaged over the stellar disk,,,Brown 2022,min,G,8.050000190734863,0.6599998474121094,8.710000038146973,0.6449999809265137,5.437038616075347,1.05,,7.3,5783.0,,
182,HD 114783,HD 114783,3.101827082,,BLON,longitudinal magnetic field averaged over the stellar disk,,,Brown 2022,min,K,7.550000190734863,0.9189996719360352,8.468999862670898,0.49900001287460327,2.741653704687851,0.85,,3.7,5135.0,,
191,HD 132406,HD 132406,2.863288,,BLON,longitudinal magnetic field averaged over the stellar disk,,,Brown 2022,min,G,,,9.100000381469727,,2.530812951612584,1.09,,6.4,5766.0,,
193,HD 137510,HD 137510,1.841931,,BLON,longitudinal magnetic field averaged over the stellar disk,,,Brown 2022,min,G,6.241000175476074,0.6310000419616699,6.872000217437744,5.0,1.628052375722148,1.36,1.9,2.65,6131.0,1662593.412805378,6.014699639117716e-07
199,HD 145825,HD 145825,1.667005897,,BLON,longitudinal magnetic field averaged over the stellar disk,,,Brown 2022,min,G,6.539999961853027,0.6700000762939453,7.210000038146973,1.7400000095367432,1.473438967558329,1.03,,3.0,,,
200,HD 1461,HD   1461,0.56177,,BLON,longitudinal magnetic field averaged over the stellar disk,,,Brown 2022,min,G,6.460000038146973,0.679999828338623,7.139999866485596,1.8509999513626099,0.4965392205839585,1.03,1.13,6.3,5739.0,2671003.7331685917,3.7439109035377775e-07
201,HD 147506,HD 147506,6.271767,,BLON,longitudinal magnetic field averaged over the stellar disk,,,Brown 2022,min,F,8.6899995803833,0.46000003814697266,9.149999618530273,21.582000732421875,5.543511219652512,,1.7,2.7,6412.8,344635.23524113133,2.901618574491749e-06
205,HD 154345,HD 154345,1.324789,,BLON,longitudinal magnetic field averaged over the stellar disk,,,Brown 2022,min,G,,,7.5,0.10000000149011612,1.1709591069266814,0.71,0.85,4.92,5468.0,37189588.942794345,2.688924584614842e-08
222,HD 178911B,HD 178911B,1.087538378,,BLON,longitudinal magnetic field averaged over the stellar disk,,,Brown 2022,min,G,,,8.710000038146973,1.100000023841858,0.9612572023555236,0.87,,5.2,,,
234,HD 188015,HD 188015,1.228280006,,BLON,longitudinal magnetic field averaged over the stellar disk,,,Brown 2022,min,G,8.229999542236328,0.7200002670288086,8.949999809265137,5.0,1.0856564017980666,1.04,1.13,6.2,5649.5,988805.5560368826,1.0113211782587312e-06
237,HD 190360,HD 190360,0.689408716,,BLON,longitudinal magnetic field averaged over the stellar disk,,,Brown 2022,min,G,,,6.440000057220459,2.390000104904175,0.6093569726158883,0.96,,12.11,5551.0,,
239,HD 192310,HD 192310,2.872060742,,BLON,longitudinal magnetic field averaged over the stellar disk,,,Brown 2022,min,K,5.7230000495910645,0.9070000648498535,6.630000114440918,0.49300000071525574,2.538567033309834,0.85,0.73,,5144.0,6478558.714567482,1.5435531945576596e-07
240,HD 195019,HD 195019,0.398015,,BLON,longitudinal magnetic field averaged over the stellar disk,,,Brown 2022,min,G,,,,5.099999904632568,0.3517988818924546,1.21,1.48,5.33,5751.0,1269679.2038001323,7.876005190972758e-07
250,HD 210277,HD 210277,0.600484,,BLON,longitudinal magnetic field averaged over the stellar disk,,,Brown 2022,min,G,8.569999694824219,0.2800006866455078,8.850000381469727,1.5379999876022339,0.5307578854925284,1.01,,6.93,5555.0,,
254,HD 217786,HD 217786,1.878221,,BLON,longitudinal magnetic field averaged over the stellar disk,,,Brown 2022,min,F,7.7789998054504395,0.5809998512268066,8.359999656677246,1.8519999980926514,1.6601285070837228,1.14,,,,,
260,HD 219134,HD 219134,1.598811627,,BLON,longitudinal magnetic field averaged over the stellar disk,,,Brown 2022,min,K,5.570000171661377,0.9899997711181641,6.559999942779541,0.6000000238418579,1.413163179114496,0.79,0.77,,4913.0,5614898.583288103,1.7809760678070816e-07
266,HD 222582,HD 222582,1.337849862,,BLON,longitudinal magnetic field averaged over the stellar disk,,,Brown 2022,min,G,7.690000057220459,0.6500000953674316,8.34000015258789,1.8630000352859497,1.1825033870371082,1.0,,6.16,,,
269,HD 231701,HD 231701,2.41905,,BLON,longitudinal magnetic field averaged over the stellar disk,,,Brown 2022,min,F,8.970000267028809,0.5159997940063477,9.486000061035156,7.099999904632568,2.138158323786647,1.21,1.53,4.9,6101.0,942834.6759674584,1.0606313338803363e-06
272,HD 233731,HD 233731,3.800551,,BLON,longitudinal magnetic field averaged over the stellar disk,,,Brown 2022,min,G,9.760000228881836,0.8599996566772461,10.619999885559082,1.5,3.359244230431643,0.94,1.06,12.4,5314.0,3091840.381708247,3.2343196172614133e-07
284,HD 30562,HD  30562,0.552686,,BLON,longitudinal magnetic field averaged over the stellar disk,,,Brown 2022,min,G,5.769999980926514,0.630000114440918,6.400000095367432,4.699999809265137,0.4885100230835852,1.22,,4.0,5861.0,,
289,HD 3765,HD   3765,1.714156,,BLON,longitudinal magnetic field averaged over the stellar disk,,,Brown 2022,min,K,,,8.300000190734863,1.3899999856948853,1.5151141645145092,0.85,0.83,,5049.8,2612556.88532786,3.8276678514294096e-07
294,HD 46375,HD  46375,2.976473504,,BLON,longitudinal magnetic field averaged over the stellar disk,,,Brown 2022,min,G,7.840000152587891,0.8599996566772461,8.699999809265137,4.300000190734863,2.630855748375605,0.92,,4.96,5285.0,,
299,HD 52265,HD  52265,0.887332388,,BLON,longitudinal magnetic field averaged over the stellar disk,,,Brown 2022,min,G,6.2820000648498535,0.5629997253417969,6.84499979019165,3.9119999408721924,0.7842984359015659,1.13,,4.88,,,
304,HD 69830,HD  69830,1.507277152,,BLON,longitudinal magnetic field averaged over the stellar disk,,,Brown 2022,min,G,5.949999809265137,0.7899999618530273,6.739999771118164,0.718999981880188,1.332257369133433,0.86,,7.0,5385.0,,
318,HD 82943,HD  82943,1.709665,,BLON,longitudinal magnetic field averaged over the stellar disk,,,Brown 2022,min,F,6.53000020980835,0.6399998664855957,7.170000076293945,1.3890000581741333,1.5111446438216234,1.15,1.2,3.08,5918.31,3779909.8401104957,2.6455657470675746e-07
319,HD 87883,HD  87883,3.541097,,BLON,longitudinal magnetic field averaged over the stellar disk,,,Brown 2022,min,K,7.550000190734863,0.9899997711181641,8.539999961853027,2.4000000953674316,3.1299171269241746,0.66,0.79,9.8,4915.0,1440185.0262329879,6.943552264361785e-07
320,HD 88072,HD  88072,0.792191,,BLON,longitudinal magnetic field averaged over the stellar disk,,,Brown 2022,min,G,,,,-0.03999999910593033,0.7002045351186903,1.04,,,,,
330,Kepler-1171,Kepler-1171,100.9342225,,BLON,longitudinal magnetic field averaged over the stellar disk,,,Brown 2022,min,,11.557000160217285,0.37599945068359375,11.932999610900879,,89.21409147942725,1.65,2.23,1.35,7222.0,,
331,Kepler-78,Kepler-78,4.786265903,,BLON,longitudinal magnetic field averaged over the stellar disk,,,Brown 2022,min,K,11.720000267028809,1.1499996185302734,12.869999885559082,2.0,4.230501345716568,0.83,0.74,,5121.0,1618840.9545736576,6.1772590888236e-07
351,V* AF Lep,V* AF Lep,24.52901288,,BLON,longitudinal magnetic field averaged over the stellar disk,,,Brown 2022,min,F,6.295000076293945,0.5369997024536133,6.831999778747559,47.16999816894531,21.680789179075205,1.2,1.25,0.024,6130.0,115943.5550405777,8.624886477303736e-06
363,V* CS Pyx,V* CS Pyx,2.432669825,,BLON,longitudinal magnetic field averaged over the stellar disk,,,Brown 2022,min,G,8.0600004196167,0.7799997329711914,8.84000015258789,3.2320001125335693,2.15019666205674,1.0,,0.83,,,
384,V* PR Vir,HD 103720,7.893559,,BLON,longitudinal magnetic field averaged over the stellar disk,,,Brown 2022,min,K,9.489999771118164,0.9499998092651367,10.4399995803833,2.369999885559082,6.976986370745127,0.79,0.73,3.8,5017.0,1347649.6224227233,7.420326347157358e-07
393,V* V1069 Tau,V* V1069 Tau,100.639904,,BLON,longitudinal magnetic field averaged over the stellar disk,,,Brown 2022,min,K,12.220000267028809,1.0999994277954102,13.319999694824219,66.38999938964844,88.95394822045394,1.04,1.17,0.017,4620.0,77105.55294732325,1.2969234533382794e-05
403,V* V376 Peg,HD 209458,2.427113282,,BLON,longitudinal magnetic field averaged over the stellar disk,,,Brown 2022,min,F,7.630000114440918,0.5799999237060547,8.210000038146973,3.700000047683716,2.145285325512672,1.0,1.2,4.0,6092.0,1418998.6270657647,7.04722316798728e-07
423,XO-3,BD+57   793,20.28902798,,BLON,longitudinal magnetic field averaged over the stellar disk,,,Brown 2022,min,F,9.850000381469727,0.4200000762939453,10.270000457763672,20.299999237060547,17.933136585427,1.21,1.38,2.82,6430.0,297430.51541373885,3.362129802347134e-06
425,G 245-61,G 245-61,390.0,,BMEAN,Average magnetic field,2016.0,,Reiners 2022,max,,,,14.800000190734863,,282.60869565217394,0.24,0.25,,3381.0,,
426,CD Cet,V* CD Cet,250.0,90.0,BMEAN,Average magnetic field,2016.0,,Reiners 2022,max,M,14.00100040435791,1.608999252319336,15.609999656677246,,181.1594202898551,0.16,0.17,3.0,3130.0,,
434,LP 714-47,G 160-62,650.0,140.0,BMEAN,Average magnetic field,2016.0,,Reiners 2022,max,,12.491999626159668,1.8080005645751953,14.300000190734863,,471.0144927536232,0.59,0.58,,3950.0,,
435,LP 415-17,LP  415-17,500.0,,BMEAN,Average magnetic field,2016.0,,Reiners 2022,max,K,,,14.069999694824219,,362.3188405797102,0.54,0.53,,3919.0,,
439,PM J04343+4302,PM J04343+4302,370.0,,BMEAN,Average magnetic field,2016.0,,Reiners 2022,max,M,13.378000259399414,1.5009994506835938,14.878999710083008,0.781000018119812,268.1159420289855,0.49,0.49,1.3,3434.0,2745032.5270356336,3.6429440822688613e-07
442,HD 285968,HD 285968,350.0,80.0,BMEAN,Average magnetic field,2016.0,,Reiners 2022,max,M,9.951000213623047,1.5389995574951172,11.489999771118164,-2.7100000381469727,253.62318840579712,0.5,,,,,
445,Wolf 1539,Wolf 1539,410.0,,BMEAN,Average magnetic field,2016.0,,Reiners 2022,max,M,12.017999649047852,1.5500001907348633,13.567999839782715,3.819999933242798,297.1014492753624,0.39,0.38,,3411.78,435233.8853037629,2.297615221990516e-06
446,GJ 180,L  736-30,420.0,,BMEAN,Average magnetic field,2016.0,,Reiners 2022,max,M,10.894000053405762,1.5489997863769531,12.442999839782715,1.0,304.34782608695656,0.43,,,,,
449,LP 656-038,LP  656-38,1140.0,350.0,BMEAN,Average magnetic field,2016.0,,Reiners 2022,max,M,12.196000099182129,1.7239999771118164,13.920000076293945,3.799999952316284,826.0869565217392,0.16,0.12,,3159.0,138165.65930760466,7.237688474917297e-06
466,HD 42581,HD  42581,380.0,70.0,BMEAN,Average magnetic field,2016.0,,Reiners 2022,max,M,8.125,1.4820003509521484,9.607000350952148,2.799999952316284,275.36231884057975,0.51,,,,,
469,HD 260655,HD 260655,190.0,40.0,BMEAN,Average magnetic field,2016.0,,Reiners 2022,max,M,9.593000411987305,1.5109996795654297,11.104000091552734,,137.68115942028987,0.44,0.44,5.0,3803.0,,
477,Luyten's Star,BD+05  1668,440.0,,BMEAN,Average magnetic field,2016.0,,Reiners 2022,max,M,9.871999740600586,1.571000099182129,11.442999839782715,4.50600004196167,318.84057971014494,0.29,0.29,,3382.0,281584.83730672963,3.5513275841294773e-06
488,G 50-16,G  50-16,260.0,150.0,BMEAN,Average magnetic field,2016.0,,Reiners 2022,max,M,,,15.239999771118164,,188.40579710144928,0.36,0.36,,3347.0,,
498,LP 090-018,G 234-45,1280.0,210.0,BMEAN,Average magnetic field,2016.0,,Reiners 2022,max,D,,,16.979999542236328,4.0,927.536231884058,0.12,0.14,,3081.0,153133.6038110217,6.530245322470663e-06
509,GJ 357,L  678-39,260.0,,BMEAN,Average magnetic field,2016.0,,Reiners 2022,max,M,10.906000137329102,1.5739994049072266,12.479999542236328,2.5,188.40579710144928,,0.36,,3505.0,630035.3985367749,1.587212404767175e-06
519,BD+63 869,BD+63   869,390.0,50.0,BMEAN,Average magnetic field,2016.0,,Reiners 2022,max,M,9.180000305175781,1.5,10.680000305175781,2.5,282.60869565217394,0.58,,,,,
520,BD+48 1829,BD+48  1829,200.0,60.0,BMEAN,Average magnetic field,2016.0,,Reiners 2022,max,M,,,,2.25,144.92753623188406,0.56,0.56,,3879.0,1088950.0715450433,9.183157484724369e-07
521,TYC 4384-1735-1,LSPM J1008+6916,210.0,50.0,BMEAN,Average magnetic field,2016.0,,Reiners 2022,max,M,,,,,152.17391304347828,0.63,0.62,0.8,3997.0,,
525,LP 729-054,G 162-44,280.0,,BMEAN,Average magnetic field,2016.0,,Reiners 2022,max,M,13.140000343322754,1.5399999618530273,14.680000305175781,,202.8985507246377,,0.37,3.1,3329.0,,
528,BD+01 2447,BD+01  2447,270.0,60.0,BMEAN,Average magnetic field,2016.0,,Reiners 2022,max,D,9.649999618530273,1.5010004043579102,11.151000022888184,9.079999923706055,195.6521739130435,0.43,0.43,,3579.0,207197.76649470432,4.826306851264048e-06
534,CN Leo,Wolf  359,3010.0,160.0,BMEAN,Average magnetic field,2016.0,,Reiners 2022,max,D,13.506999969482422,2.0340003967285156,15.541000366210938,4.889999866485596,2181.1594202898555,,,,,,
541,HD 97101,HD  97101,330.0,,BMEAN,Average magnetic field,2016.0,,Reiners 2022,max,K,,,9.670000076293945,1.5800000429153442,239.13043478260872,0.65,0.68,12.4,4120.0,1883017.138573838,5.310626119724971e-07
545,K2-18,K2-18,270.0,80.0,BMEAN,Average magnetic field,2016.0,,Reiners 2022,max,D,13.5,1.510000228881836,15.010000228881836,,195.6521739130435,0.41,0.39,,3503.0,,
558,HD 238090,HD 238090,210.0,40.0,BMEAN,Average magnetic field,2016.0,,Reiners 2022,max,K,,,11.279999732971191,3.0,152.17391304347828,0.58,0.57,,3933.0,831296.7064026889,1.2029399278235435e-06
561,Ross 690,Ross  690,220.0,,BMEAN,Average magnetic field,2016.0,,Reiners 2022,max,M,13.480999946594238,-0.25100040435791016,13.229999542236328,,159.42028985507247,0.49,0.49,,3540.0,,
567,Wolf 437,Wolf  437,240.0,,BMEAN,Average magnetic field,2016.0,,Reiners 2022,max,M,11.395000457763672,1.5629997253417969,12.958000183105469,4.300000190734863,173.91304347826087,0.32,0.33,,3340.0,335774.6645588002,2.9781877715937137e-06
570,PM J13119+6550,PM J13119+6550,770.0,,BMEAN,Average magnetic field,2016.0,,Reiners 2022,max,M,12.951000213623047,1.6389999389648438,14.59000015258789,,557.9710144927536,,0.44,7.9,3618.0,,
573,Ross 1020,Ross 1020,440.0,70.0,BMEAN,Average magnetic field,2016.0,,Reiners 2022,max,M,,,14.550000190734863,,318.84057971014494,0.27,0.28,,3324.0,,
574,2MASS J13253177+6850106,TOI-1238,360.0,120.0,BMEAN,Average magnetic field,2016.0,,Reiners 2022,max,,12.795999526977539,1.5310001373291016,14.32699966430664,,260.8695652173913,0.59,0.58,0.8,4089.0,,
582,HD 122303,HD 122303,230.0,60.0,BMEAN,Average magnetic field,2016.0,,Reiners 2022,max,M,9.706999778747559,1.4700002670288086,11.177000045776367,-2.869999885559082,166.66666666666669,0.52,0.5,,3685.0,,-1.3119262329714474e-06
593,HN Lib,BD-11  3759,220.0,,BMEAN,Average magnetic field,2016.0,,Reiners 2022,max,M,11.317000389099121,1.5979995727539062,12.914999961853027,0.5199999809265137,159.42028985507247,0.29,0.3,4.4,3347.0,2524180.3751856424,3.9616820169852337e-07
603,G 180-018,G 180-18,310.0,,BMEAN,Average magnetic field,2016.0,,Reiners 2022,max,M,,,14.329999923706055,,224.6376811594203,0.31,0.32,,3369.0,,
608,HD 147379,HD 147379,510.0,100.0,BMEAN,Average magnetic field,2016.0,,Reiners 2022,max,M,,,10.010000228881836,-5.610000133514404,369.5652173913044,0.58,0.57,,4090.0,,-2.249497718566629e-06
609,GJ 625,G 202-48,290.0,130.0,BMEAN,Average magnetic field,2016.0,,Reiners 2022,max,M,10.069999694824219,1.7100000381469727,11.779999732971191,3.694000005722046,210.1449275362319,0.3,0.31,,3499.0,367170.06039046316,2.7235336098388863e-06
610,V2306 Oph,BD-12  4523,230.0,,BMEAN,Average magnetic field,2016.0,,Reiners 2022,max,M,10.071999549865723,1.565999984741211,11.637999534606934,-0.6899999976158142,166.66666666666669,0.29,0.31,,3342.0,,-5.087271741701303e-07
617,BD+25 3173,BD+25  3173,540.0,80.0,BMEAN,Average magnetic field,2016.0,,Reiners 2022,max,M,9.654999732971191,1.4840002059936523,11.138999938964844,-4.070000171661377,391.304347826087,0.51,0.5,,3734.0,,-1.8604669708412552e-06
618,G 203-042,G 203-42,520.0,,BMEAN,Average magnetic field,2016.0,,Reiners 2022,max,M,,,15.3100004196167,,376.81159420289856,0.18,0.2,,3273.0,,
625,Karmn J17355+616,G 226-66,740.0,130.0,BMEAN,Average magnetic field,2016.0,,Reiners 2022,max,M,9.979999542236328,1.4200000762939453,11.399999618530273,,536.231884057971,0.55,0.54,,3816.0,,
627,BD+18 3421,BD+18  3421,210.0,,BMEAN,Average magnetic field,2016.0,,Reiners 2022,max,M,9.57699966430664,1.5320005416870117,11.109000205993652,2.630000114440918,152.17391304347828,0.43,0.43,,3654.0,715344.3430035426,1.3979281583485558e-06
630,G 204-039,G 204-39,280.0,150.0,BMEAN,Average magnetic field,2016.0,,Reiners 2022,max,M,11.640000343322754,2.3299999237060547,13.970000267028809,2.0,202.8985507246377,0.36,,1.0,,,
645,BD+45 2743,BD+45  2743,160.0,50.0,BMEAN,Average magnetic field,2016.0,,Reiners 2022,max,M,9.829999923706055,1.4300003051757812,11.260000228881836,2.0,115.94202898550724,0.57,0.56,,3837.0,1225068.8304881735,8.162806653088328e-07
647,BD-13 5069,BD-13  5069,310.0,60.0,BMEAN,Average magnetic field,2016.0,,Reiners 2022,max,D,10.630000114440918,1.484999656677246,12.114999771118164,2.9700000286102295,224.6376811594203,0.53,0.52,,3799.0,766036.2983612762,1.3054211688652676e-06
654,BD+05 3993,HD 176029,560.0,80.0,BMEAN,Average magnetic field,2016.0,,Reiners 2022,max,M,9.217000007629395,1.4560003280639648,10.67300033569336,2.440000057220459,405.7971014492754,0.58,0.56,,3913.0,1004154.7555402259,9.95862435030753e-07
667,Wolf 1069,Wolf 1069,620.0,,BMEAN,Average magnetic field,2016.0,,Reiners 2022,max,D,,,15.829999923706055,4.5,449.2753623188406,0.17,0.18,,3158.0,175009.8329268819,5.713964657161831e-06
671,BD+44 3567,BD+44  3567,170.0,60.0,BMEAN,Average magnetic field,2016.0,,Reiners 2022,max,M,10.704000473022461,1.3259992599487305,12.029999732971191,0.46000000834465027,123.18840579710144,,0.43,4.5,3573.0,4089903.6300764456,2.445045386023701e-07
679,LSPM J2116+0234,LSPM J2116+0234,320.0,,BMEAN,Average magnetic field,2016.0,,Reiners 2022,max,M,,,13.399999618530273,,231.8840579710145,0.43,0.43,,3475.0,,
680,TYC 2187-512-1,LSPM J2122+2255,520.0,50.0,BMEAN,Average magnetic field,2016.0,,Reiners 2022,max,M,,,,,376.81159420289856,0.5,0.49,,3734.0,,
683,G 264-012,G 264-12,430.0,,BMEAN,Average magnetic field,2016.0,,Reiners 2022,max,M,,,14.65999984741211,,311.59420289855075,0.3,0.3,,3326.0,,
684,Wolf 940,Wolf  940,470.0,,BMEAN,Average magnetic field,2016.0,,Reiners 2022,max,D,12.699999809265137,1.6100006103515625,14.3100004196167,,340.5797101449276,0.27,,5.0,,,
694,LP 819-052,L  788-37,320.0,110.0,BMEAN,Average magnetic field,2016.0,,Reiners 2022,max,D,13.67199993133545,1.6479997634887695,15.319999694824219,,231.8840579710145,0.18,0.19,,3236.0,,
696,G 232-070,G 232-70,210.0,90.0,BMEAN,Average magnetic field,2016.0,,Reiners 2022,max,M,,,14.100000381469727,,152.17391304347828,0.41,0.41,6.9,3387.0,,
730,HD 206860,V* HN Peg,450.0,80.0,BMEAN,Average magnetic field,2016.0,,Reiners 2022,max,G,,,,12.8100004196167,326.0869565217392,,,0.2,,,
732,Gl 494,BD+13  2618,2600.0,100.0,BMEAN,Average magnetic field,2016.0,,Reiners 2022,max,M,9.75,1.4829998016357422,11.232999801635742,9.800000190734863,1884.057971014493,0.56,0.56,,3646.0,250014.04217244417,3.9997753378598714e-06
735,Gl 896A,BD+19  5116A,3600.0,400.0,BMEAN,Average magnetic field,2016.0,,Reiners 2022,max,M,10.350000381469727,1.4600000381469727,11.8100004196167,13.529999732971191,2608.695652173913,0.44,,,,,
779,Gl 338B,HD  79211,90.0,30.0,BMEAN,average surface magnetic flux,2022.0,,Cristofari 2023b,max,M,,,7.966000080108643,6.423999786376953,65.21739130434783,0.64,0.58,4.0,4014.0,395025.3209567715,2.531483292205039e-06
783,Gl 514,BD+11  2576,20.0,20.0,BMEAN,average surface magnetic flux,2022.0,,Cristofari 2023b,max,M,9.029000282287598,1.494999885559082,10.52400016784668,7.0,14.492753623188406,0.51,0.5,,3728.0,312517.5587980034,3.199820208010625e-06
787,Gl 15A,HD   1326,50.0,30.0,BMEAN,average surface magnetic flux,2022.0,,Cristofari 2023b,max,M,,,10.119999885559082,4.314000129699707,36.231884057971016,0.38,0.38,,3607.0,385394.845345336,2.594741502325861e-06
788,Gl 411,HD  95735,490.0,60.0,BMEAN,average surface magnetic flux,2022.0,,Cristofari 2023b,max,M,7.519999980926514,1.440000057220459,8.960000038146973,0.0,355.072463768116,0.39,0.37,,3719.0,,0.0
789,Gl 752A,HD 180617,60.0,30.0,BMEAN,average surface magnetic flux,2022.0,,Cristofari 2023b,max,M,9.114999771118164,1.515000343322754,10.630000114440918,0.0,43.47826086956522,0.48,0.48,5.5,3534.0,,0.0
792,Gl 436,Ross  905,20.0,30.0,BMEAN,average surface magnetic flux,2022.0,,Cristofari 2023b,max,M,10.61299991607666,1.447000503540039,12.0600004196167,7.0,14.492753623188406,,,6.0,3350.0,,
793,Gl 480,Wolf  433,50.0,30.0,BMEAN,average surface magnetic flux,2022.0,,Cristofari 2023b,max,M,11.501999855041504,1.4730005264282227,12.975000381469727,,36.231884057971016,0.45,,,,,
794,Gl 849,BD-05  5715,10.0,30.0,BMEAN,average surface magnetic flux,2022.0,,Cristofari 2023b,max,M,10.366000175476074,1.501999855041504,11.868000030517578,-1.3300000429153442,7.246376811594203,0.45,0.45,,3467.0,,-6.755176212659551e-07
796,Gl 687,BD+68   946,320.0,60.0,BMEAN,average surface magnetic flux,2022.0,,Cristofari 2023b,max,M,,,10.649999618530273,0.0,231.8840579710145,0.42,0.4,,3561.3,,0.0
798,Gl 317,L  675-81,80.0,40.0,BMEAN,average surface magnetic flux,2022.0,,Cristofari 2023b,max,M,11.975000381469727,1.2249994277954102,13.199999809265137,,57.971014492753625,0.26,,,,,
799,Gl 251,HD 265866,60.0,40.0,BMEAN,average surface magnetic flux,2022.0,,Cristofari 2023b,max,M,,,11.470000267028809,-1.4299999475479126,43.47826086956522,0.36,0.36,,3451.0,,-9.078854622257826e-07
801,Gl 581,BD-07  4003,200.0,60.0,BMEAN,average surface magnetic flux,2022.0,,Cristofari 2023b,max,M,10.5600004196167,1.1999998092651367,11.760000228881836,7.0,144.92753623188406,0.31,0.29,8.0,,181260.18410284194,5.516931393121768e-06
805,Gl 876 ,BD-15  6290,50.0,40.0,BMEAN,average surface magnetic flux,2022.0,,Cristofari 2023b,max,M,10.192000389099121,1.5569992065429688,11.74899959564209,2.75,36.231884057971016,0.34,0.35,2.5,3271.0,556849.4684037151,1.7958174636794326e-06
807,GJ 1148,Ross 1003,240.0,70.0,BMEAN,average surface magnetic flux,2022.0,,Cristofari 2023b,max,M,13.795000076293945,-0.4350004196166992,13.359999656677246,,173.91304347826087,0.34,0.36,,3287.0,,
818,Gl 447,Ross  128,320.0,90.0,BMEAN,average surface magnetic flux,2022.0,,Cristofari 2023b,max,D,11.152999877929688,1.751999855041504,12.904999732971191,2.7060000896453857,231.8840579710145,0.17,0.2,5.0,3192.0,323373.6643183491,3.092397774902096e-06
823,GJ 1002,G 158-27,780.0,170.0,BMEAN,average surface magnetic flux,2022.0,,Cristofari 2023b,max,M,13.836999893188477,,,,565.2173913043479,0.12,0.14,,3024.0,,
876,Gl 1151,G 122-49,39.0,,BMEAN,averaged dipolar magnetic field,2022.0,6.0,Lehmann 2024,max,M,,,,6.929999828338623,28.260869565217394,0.16,0.18,,3280.0,113642.75146883691,8.799505354058765e-06
913,YZ Ceti,V* YZ Cet,2200.0,,BMEAN,Average surface magnetic field ,2020.0,,Pineda 2023,max,M,12.074000358581543,1.810999870300293,13.885000228881836,-2.7899999618530273,1594.2028985507247,0.13,0.17,4.0,3056.0,,-3.7510496883555412e-06
914,Proxima Centauri,NAME Proxima Centauri,600.0,,BMEAN,Average surface magnetic field ,2020.0,,Pineda 2023,max,M,11.130000114440918,1.8199996948242188,12.949999809265137,2.700000047683716,434.7826086956522,0.12,0.14,,3050.0,226864.59423197774,4.407915670514288e-06
924,Trappist-1,TRAPPIST-1,600.0,,BMEAN,surface magnetic field,,,Reiners 2010,max,M,18.79800033569336,,,,434.7826086956522,0.09,,7.6,,,
951,HD 117207 ,HD 117207,1.36,,BMEAN,surface magnetic field,,,Fossati 2013,max,G,7.25,0.7300000190734863,7.980000019073486,1.5809999704360962,0.9855072463768118,0.96,1.11,6.68,5662.0,3071804.525322901,3.255415478935406e-07
968,epsilon Eri,* eps Eri,19.5,,BMEAN,average unsigned photospheric magnetic flux ,2013.0,,Jeffers 2014,max,K,3.7300000190734863,0.880000114440918,4.610000133514404,4.079999923706055,14.130434782608695,0.85,,0.66,,,
990,tau Boo,* tau Boo,1.95,,BMEAN,average unsigned photospheric magnetic flux ,2015.0,5.0,Mengel 2016,max,F,4.489999771118164,0.49000024795532227,4.980000019073486,17.860000610351562,1.4130434782608696,1.32,1.43,2.52,6466.27,350313.6233662687,2.854584958445806e-06
994,HD 179949,HD 179949,3.17,,BMEAN,average unsigned photospheric magnetic flux ,2009.0,,Fares 2012,max,F,6.236999988555908,0.5349998474121094,6.771999835968018,4.195000171661377,2.2971014492753623,1.21,,2.05,6168.0,,
995,HD 189733,HD 189733,32.4,,BMEAN,average unsigned photospheric magnetic flux ,2008.0,,Fares 2010,max,K,7.6479997634887695,0.9300003051757812,8.57800006866455,0.0,23.47826086956522,,0.77,0.6,,,0.0
1107,HD 130322,HD 130322,1.82,,BDM,dipole field strength,,,Fares 2013,no,K,8.039999961853027,0.7799997329711914,8.819999694824219,0.0,1.318840579710145,0.84,,,5308.0,,
1120,GJ 674,CD-46 11540,119.0,,BDM,dipole field strength,,,Hébrard 2019,no,M,9.406999588012695,1.565999984741211,10.972999572753906,2.5899999141693115,86.23188405797102,0.35,,0.55,3600.0,,
1168,HD 1237,HD   1237,90.0,10.0,BET,maximum magnetic field component at lat O°,2012.0,,Alvarado-Gomez 2015,max,G,6.578000068664551,0.7569999694824219,7.335000038146973,5.065000057220459,90.0,0.9,0.9,8.77,5540.0,777437.5511094786,1.2862769473546823e-06
1170,HD 147513,HD 147513,14.39,,BDEEP,mean magnetic field in inner corona,,,Alvarado-Gomez 2016,max,G,5.375999927520752,0.6440000534057617,6.019999980926514,2.369999885559082,14.39,1.11,,0.65,5883.0,,
1173,V 830 tau,V* V830 Tau,300.0,50.0,BET,maximum magnetic field component at lat 0°,2015.0,1.0,Donati 2015,max,M,12.079999923706055,1.8299999237060547,13.90999984741211,31.600000381469727,300.0,1.0,2.0,,4250.0,276914.28926296445,3.6112257069203675e-06
1175,TVLM 513-46546,TVLM 513-46,3000.0,,BUNK,magnetic strength at the source of bursts,2006.0,5.0,Hallinan 2007,max,M,15.09000015258789,6.309999465942383,21.399999618530273,,3000.0,0.08,,,,,
1176,Pollux,* bet Gem,1.0,,BLONG,longitudinal magnetic field,2012.0,2.0,Auriere 2021,max,K,1.1399999856948853,1.0000001192092896,2.140000104904175,3.2899999618530273,,1.73,,,4858.0,,
1178,AU mic,HD 197481,660.0,,BPOL,Dipole component of magnetic field,2022.0,6.0,Donati 2023,no,M,8.626999855041504,1.4230003356933594,10.050000190734863,9.600000381469727,330.0,0.5,,0.022,,,
1179,55 Cancri,* rho01 Cnc,5.8,,BPOL,dipolar compnent at magnetic pole,2017.0,4.0,Folsom 2020,no,K,,,6.820000171661377,0.0,2.9,0.9,0.96,10.2,5250.0,,0.0
1181,TOI-1759,LSPM J2147+6245,14.0,3.0,BDM,dipole magnetic field according to APERO,2021.0,,Martioli 2022,no,M,,,,,10.144927536231885,0.61,0.63,5.0,3972.0,,
1197,KELT-11 b,HD  93396,,,BMEAN,,,,Pye 2019,max,G,,,,,,1.44,2.69,,5375.0,,
1199,HD 149026 b,HD 149026,2.43,,BMEAN,,,,Pye 2019,max,G,,,,,1.7608695652173916,,,2.0,6160.0,1090368.0,9.171215589599108e-07
1201,WASP-33 b,HD  15082,,,BMEAN,,,,Pye 2019,max,K,,,,,,,,,7430.0,,
1203,KELT-7 b,HD  33643,9.7,,BMEAN,,,,Pye 2019,max,F,,,,,7.028985507246377,,,1.3,6513.0,103679.99999999999,9.645061728395063e-06
1215,WASP-18 b,HD  10069,5.53,,BMEAN,,,,Pye 2019,max,F,,,,,4.007246376811595,1.46,1.29,0.63,6431.0,483839.99999999994,2.066798941798942e-06
1217,WASP-76 b,BD+01   316,1.26,,BMEAN,,,,Pye 2019,max,F,,,,,0.9130434782608696,,,,,1520640.0000000002,6.57617845117845e-07
1219,Kepler-410 A b,HD 175289,4.99,,BMEAN,,,,Pye 2019,max,F,,,,,3.6159420289855078,1.24,1.43,2.76,6304.0,453600.00000000006,2.204585537918871e-06
1221,HAT-P-11 b,BD+47  2936,7.94,,BMEAN,,,,Pye 2019,max,K,,,,,5.753623188405798,0.81,0.74,6.5,4653.0,1728864.0,5.78414496455476e-07
1223,WASP-74 b,BD-01  3943,,,BMEAN,,,,Pye 2019,max,F,,,,,,1.48,1.64,2.0,5970.0,,
1225,WASP-69 b,BD-05  5432,6.6,,BMEAN,,,,Pye 2019,max,,,,,,4.782608695652174,0.83,0.81,2.0,4700.0,1993248.0,5.016937179919408e-07
1227,Kepler-93 b,BD+38  3583,,,BMEAN,,,,Pye 2019,max,G,,,,,,0.91,0.92,6.6,5669.0,,
1229,Kepler-68 b,BD+48  2893,,,BMEAN,,,,Pye 2019,max,G,,,,,,1.07,1.24,6.3,5793.0,,
1233,WASP-79 b,CD-30  1812,,,BMEAN,,,,Pye 2019,max,F,,,,,,,,,,,
1235,WASP-127 b,BD-03  2978,,,BMEAN,,,,Pye 2019,max,G,,,,,,1.05,1.35,11.41,5828.01,,
1237,HIP 116454 b,BD-00  4534,,,BMEAN,,,,Pye 2019,max,K,,,,,,0.78,0.72,,5089.0,,
1239,WASP-62 b,CPD-64   484,,,BMEAN,,,,Pye 2019,max,,,,,,,,,,,,
1241,WASP-101 b,CPD-23  1329,,,BMEAN,,,,Pye 2019,max,F,,,,,,1.34,1.29,0.9,6400.0,,
1249,HAT-P-1 b,BD+37  4734B,,,BMEAN,,,,Pye 2019,max,G,,,,,,,,3.6,,,
1251,WASP-121 b,CD-38  3220,,,BMEAN,,,,Pye 2019,max,F,,,,,,1.35,1.46,,6459.0,,
1259,WASP-13 b,BD+34  1976,,,BMEAN,,,,Pye 2019,max,G,,,,,,,,,,,
1263,Kepler-126 d,Kepler-126,,,BMEAN,,,,Pye 2019,max,F,,,,,,1.2,1.45,,6221.0,,
1265,HAT-P-17 b,HAT-P-17,,,BMEAN,,,,Pye 2019,max,G,,,,,,,,7.8,,,
1267,HAT-P-13 b,HAT-P-13,,,BMEAN,,,,Pye 2019,max,G,,,,,,,,5.0,,,
1271,KELT-1 b,KELT-1,,,BMEAN,,,,Pye 2019,max,F,,,,,,1.32,1.46,1.75,6518.0,,
1273,Kepler-25 b,Kepler-25,1.82,,BMEAN,,,,Pye 2019,max,F,,,,,1.318840579710145,1.19,1.31,11.0,,1999900.8,5.00024801230141e-07
1277,HAT-P-41 b,HAT-P-41,,,BMEAN,,,,Pye 2019,max,,,,,,,1.28,1.19,2.2,6479.0,,
1279,Kepler-10 c,Kepler-10,,,BMEAN,,,,Pye 2019,max,G,,,,,,0.91,1.07,10.6,5708.0,,
1283,Kepler-538 b,Kepler-538,,,BMEAN,,,,Pye 2019,max,G,,,,,,0.88,0.85,5.3,5564.0,,
1285,WASP-63 b,CD-38  2551,,,BMEAN,,,,Pye 2019,max,G,,,,,,1.28,1.86,,5550.0,,
1287,HAT-P-32 b,HAT-P-32,,,BMEAN,,,,Pye 2019,max,,,,,,,,1.22,3.8,6269.0,,
1289,XO-1 b,BD+28  2507,,,BMEAN,,,,Pye 2019,max,G,,,,,,,,4.5,,,
1291,WASP-29 b,CD-40 15273,,,BMEAN,,,,Pye 2019,max,K,,,,,,0.82,0.81,15.0,4800.0,,
1295,Kepler-127 d,Kepler-127,,,BMEAN,,,,Pye 2019,max,G,,,,,,1.24,1.36,,6106.0,874108.8,1.144022345959679e-06
1297,Kepler-102 d,Kepler-102,6.26,,BMEAN,,,,Pye 2019,max,K,,,,,4.536231884057972,0.73,0.76,1.41,4812.0,2295820.8,4.3557406571105203e-07
1301,Kepler-448 b,Kepler-448,11.3,,BMEAN,,,,Pye 2019,max,F,,,,,8.188405797101451,,1.5,1.5,6820.0,107568.00000000003,9.296445039416925e-06
1303,Kepler-454 b,Kepler-454,,,BMEAN,,,,Pye 2019,max,,,,,,,1.06,1.07,5.25,5767.0,,
1307,WASP-107 b,WASP-107,,,BMEAN,,,,Pye 2019,max,K,,,,,,0.69,0.66,,4430.0,,
1309,WASP-17 b,CD-27 10695,,,BMEAN,,,,Pye 2019,max,F,,,,,,1.35,1.57,3.0,6548.0,,
1311,WASP-12 b,WASP-12,,,BMEAN,,,,Pye 2019,max,G,,,,,,1.43,1.66,1.7,6360.0,,
1313,WASP-31 b,WASP-31,,,BMEAN,,,,Pye 2019,max,F,,,,,,1.16,1.25,,6302.0,,
1315,HAT-P-26 b,HAT-P-26,,,BMEAN,,,,Pye 2019,max,K,,,,,,0.85,0.86,9.0,5061.9,,
1317,HAT-P-3 b,HAT-P-3,,,BMEAN,,,,Pye 2019,max,K,,,,,,0.94,0.82,1.6,5185.0,,
1319,WASP-80 b,WASP-80,47.9,,BMEAN,,,,Pye 2019,max,K,,,,,34.710144927536234,,,,,734400.0,1.3616557734204792e-06
1321,WASP-52 b,WASP-52,9.63,,BMEAN,,,,Pye 2019,max,K,,,,,6.978260869565219,0.87,0.79,0.4,5000.0,1019520.0,9.808537350910232e-07
1323,WASP-103 b,WASP-103,,,BMEAN,,,,Pye 2019,max,F,,,,,,1.22,1.44,4.0,6110.0,,
1327,Kepler-19 b,Kepler-19,,,BMEAN,,,,Pye 2019,max,F,,,,,,0.89,0.81,1.9,5543.0,,
1329,Kepler-22 b,Kepler-22,,,BMEAN,,,,Pye 2019,max,G,,,,,,0.8,0.89,,5516.0,,
1331,WASP-39 b,WASP-39,,,BMEAN,,,,Pye 2019,max,,,,,,,,0.92,,,,
1333,Kepler-14 b,Kepler-14,,,BMEAN,,,,Pye 2019,max,F,,,,,,1.39,2.08,2.2,6378.0,,
1335,K2-3  b,K2-3,11.7,,BMEAN,,,,Pye 2019,max,M,,,,,8.478260869565217,,0.37,1.0,,3309120.0,3.021951455371821e-07
1341,GJ 3470 b,LP  424-4,29.4,,BMEAN,,,,Pye 2019,max,M,,,,,21.304347826086957,0.5,0.5,1.6,3552.0,1788479.9999999998,5.591340132402935e-07
1343,WASP-19 b,WASP-19,8.52,,BMEAN,,,,Pye 2019,max,G,,,,,6.173913043478261,0.97,1.03,11.5,5503.0,1016063.9999999999,9.841899722852105e-07
1345,WASP-6 b,WASP-6,5.07,,BMEAN,,,,Pye 2019,max,G,,,,,3.673913043478261,0.55,0.73,11.0,5450.0,2056320.0000000005,4.863056333644568e-07
1347,WASP-43 b,WASP-43,14.5,,BMEAN,,,,Pye 2019,max,K,,,,,10.507246376811596,0.69,0.65,0.4,4500.0,1347840.0,7.419278252611585e-07
1351,WASP-67 b,WASP-67,5.21,,BMEAN,,,,Pye 2019,max,K,,,,,3.77536231884058,0.91,0.88,,5200.0,2160000.0,4.6296296296296297e-07
1357,HAT-P-38 b,HAT-P-38,,,BMEAN,,,,Pye 2019,max,G,,,,,,0.89,0.92,10.1,5330.0,,
1359,CoRoT-2 b,CoRoT-2,,,BMEAN,,,,Pye 2019,max,G,,,,,,0.97,0.9,,5625.0,,
1361,Kepler-104 d,Kepler-104,,,BMEAN,,,,Pye 2019,max,G,,,,,,0.91,1.0,,5979.0,,
1363,WASP-4 b,WASP-4,,,BMEAN,,,,Pye 2019,max,G,,,,,,0.97,0.89,,5504.0,,
1365,HAT-P-18 b,HAT-P-18,,,BMEAN,,,,Pye 2019,max,K,,,,,,,,12.4,,,
1367,HAT-P-12 b,HAT-P-12,,,BMEAN,,,,Pye 2019,max,K,,,,,,,,2.5,,,
1369,Kepler-94 b,Kepler-94,,,BMEAN,,,,Pye 2019,max,M,,,,,,,0.75,1.41,4728.0,,
1371,Kepler-138 b,Kepler-138,25.8,,BMEAN,,,,Pye 2019,max,M,,,,,18.695652173913047,0.55,0.58,,,1675641.5999999999,5.967863294871649e-07
1377,HATS-7 b,HATS-7,,,BMEAN,,,,Pye 2019,max,K,,,,,,0.85,0.81,7.8,4985.0,,
1381,GJ 1132 b,L  320-124,248.0,,BMEAN,,,,Pye 2019,max,M,,,,,179.71014492753625,0.18,0.21,5.0,3270.0,10566720.0,9.463674631295236e-08
1383,Kepler-205 c,Kepler-205,,,BMEAN,,,,Pye 2019,max,M,,,,,,0.51,0.48,,3834.0,,
1385,CoRoT-1 b,CoRoT-1,,,BMEAN,,,,Pye 2019,max,G,,,,,,1.22,1.23,,6298.0,,
1387,K2-55 b,K2-55,,,BMEAN,,,,Pye 2019,max,K,,,,,,0.69,0.72,,4299.98,,
1399,Kepler-482 b,Kepler-482,,,BMEAN,,,,Pye 2019,max,K,,,,,,0.65,0.67,6.03,4616.0,,
1401,Kepler-9 d,Kepler-9,4.57,,BMEAN,,,,Pye 2019,max,G,,,,,3.311594202898551,1.03,0.96,2.0,5779.0,1446854.4,6.911545487921936e-07
1407,Kepler-218 d,Kepler-218,,,BMEAN,,,,Pye 2019,max,G,,,,,,0.97,1.11,,5502.0,,
1413,Kepler-62 e,Kepler-62,,,BMEAN,,,,Pye 2019,max,G,,,,,,0.79,0.73,7.0,4842.0,,
1415,Kepler-79 d,Kepler-79,,,BMEAN,,,,Pye 2019,max,F,,,,,,1.24,1.35,3.44,6298.14,,
1417,Kepler-504 b,Kepler-504,76.2,,BMEAN,,,,Pye 2019,max,M,,,,,55.217391304347835,0.41,0.42,4.17,3600.0,4004726.4,2.497049486326956e-07
1419,GJ 1214 b,G 139-21,452.0,,BMEAN,,,,Pye 2019,max,M,,,,,327.536231884058,0.16,0.18,6.0,3170.0,10800000.0,9.259259259259259e-08
1421,Kepler-125 b,Kepler-125,36.7,,BMEAN,,,,Pye 2019,max,M,,,,,26.59420289855073,0.53,0.51,,3808.0,1255910.4,7.962351454371268e-07
1423,Kepler-786 b,Kepler-786,5.09,,BMEAN,,,,Pye 2019,max,K,,,,,3.6884057971014497,0.77,0.72,2.51,4744.0,2959804.8,3.378601183429394e-07
1425,Kepler-51 b,Kepler-51,8.19,,BMEAN,,,,Pye 2019,max,G,,,,,5.934782608695652,1.03,0.85,0.3,5770.0,710380.7999999999,1.4076957034874817e-06
1429,Kepler-61 b,Kepler-61,11.1,,BMEAN,,,,Pye 2019,max,M,,,,,8.043478260869566,0.65,0.7,1.0,4148.0,3030739.2,3.2995250795581485e-07
1431,Kepler-505 b,Kepler-505,,,BMEAN,,,,Pye 2019,max,M,,,,,,0.62,0.65,3.16,3861.0,,
1433,Kepler-737 b,Kepler-737,30.4,,BMEAN,,,,Pye 2019,max,M,,,,,22.02898550724638,0.47,0.46,3.89,3755.0,2141942.4,4.668659624086997e-07
1435,Kepler-249 d,Kepler-249,,,BMEAN,,,,Pye 2019,max,M,,,,,,0.51,0.51,,3635.0,3146860.8,3.1777700494410177e-07
1437,Kepler-236 c,Kepler-236,32.9,,BMEAN,,,,Pye 2019,max,M,,,,,23.84057971014493,0.54,0.51,,3750.0,1333411.2,7.499562025577706e-07
1439,Kepler-49 b,Kepler-49,30.1,,BMEAN,,,,Pye 2019,max,M,,,,,21.811594202898554,0.63,0.6,,4079.0,1599004.8,6.253889919529947e-07
1443,Kepler-705 b,Kepler-705,31.7,,BMEAN,,,,Pye 2019,max,M,,,,,22.971014492753625,0.53,0.5,3.89,3674.0,1745798.4,5.72803824313277e-07
1447,Kepler-26 b,Kepler-26,17.8,,BMEAN,,,,Pye 2019,max,M,,,,,12.898550724637683,0.7,0.46,,4486.0,1548115.2,6.459467615846676e-07
1455,Kepler-32 b,Kepler-32,14.6,,BMEAN,,,,Pye 2019,max,M,,,,,10.579710144927537,0.51,0.51,,3787.0,3129408.0,3.1954925660060944e-07
1465,K2-33 b,K2-33,,,BMEAN,,,,Pye 2019,max,D,,,,,,0.56,1.05,0.009,3540.0,,
1481,KOI-555.02,Kepler-598,,,BMEAN,,,,Pye 2019,max,,,,,,,0.9,0.9,7.59,5245.0,,
